{
    "parent": "builtin/generated",
    "display": {
        "thirdperson_righthand": {
            "rotation": [ 0, 0, 0 ],
            "translation": [ 0, 2, 1 ],
            "scale": [ 0.4, 0.4, 0.4 ]
        },
        "thirdperson_lefthand": {
            "rotation": [ 0, 0, 0 ],
            "translation": [ 0, 2, 1 ],
            "scale": [ 0.4, 0.4, 0.4 ]
        },
        "firstperson_righthand": {
            "rotation": [ -25, -25, 0 ],
            "translation": [ 0.5, 2.7, 0],
            "scale": [ 0.3, 0.3, 0.3 ]

        },
        "firstperson_lefthand": {
            "rotation": [ -25, -25, 0 ],
            "translation": [ 0.5, 2.7, 0],
            "scale": [ 0.3, 0.3, 0.3 ]
        },
        "ground": {
            "rotation": [ 0, 0, 0 ],
            "translation": [ 0, 2, 0],
            "scale":[ 0.5, 0.5, 0.5 ]
        },
        "head": {
            "rotation": [ 0, 180, 0 ],
            "translation": [ 0, 13, 7],
            "scale":[ 1, 1, 1]
        },
        "gui": {
            "rotation": [ 0, 0, 0 ],
            "translation": [ 0, 0, 0],
            "scale":[ 1.0, 1.0, 1.0]
        }
    }
}
