{
    "parent": "block/end_rod",
    "textures": {
        "layer0": "blocks/end_rod"
        },
        "display": {
            "thirdperson_righthand": {
            "rotation": [ 45, 45, 0 ],
            "translation": [ 0, 2, -0.50 ],
            "scale": [ 0.5, 0.5, 0.5 ]
            },
            "thirdperson_lefthand": {
            "rotation": [ 45, 45, 0 ],
            "translation": [ 0, 2, -0.50 ],
            "scale": [ 0.5, 0.5, 0.5 ]
            },
            "firstperson_righthand": {
            "rotation": [ 0, 45, 0 ],
            "translation": [ 0, 3, 0 ],
            "scale": [ 0.6, 0.6, 0.6 ]
            },
            "firstperson_lefthand": {
            "rotation": [ 0, 45, 0 ],
            "translation": [ 0, 3, 0 ],
            "scale": [ 0.6, 0.6, 0.6 ]
            },
            "gui": {
            "rotation": [ 30, 225, 0 ],
            "translation": [ 0, 4, 0],
            "scale":[ 1.3, 1.3, 1.3 ]
            },
            "ground": {
            "rotation": [ 5, 5, 5 ],
            "translation": [ 0, 4, 0 ],
            "scale": [ 1, 1, 1 ]
            }
    }
}
