{
    "parent": "block/iron_trapdoor_bottom",
    "display": {
            "thirdperson_righthand": {
            "rotation": [ 45, 45, 0 ],
            "translation": [ 0, 2, 0 ],
            "scale": [ 0.4, 0.4, 0.4 ]
            },
            "thirdperson_lefthand": {
            "rotation": [ 45, 225, 0 ],
            "translation": [ 0, 2, 0 ],
            "scale": [ 0.4, 0.4, 0.4 ]
            },
            "firstperson_righthand": {
            "rotation": [ 15, 25, 0 ],
            "translation": [ 4, 2, -2 ],
            "scale": [ 0.5, 0.5, 0.5 ]
            },
            "firstperson_righthand": {
            "rotation": [ 15, 25, 0 ],
            "translation": [ 4, 2, -2 ],
            "scale": [ 0.5, 0.5, 0.5 ]
            },
            "gui": {
            "rotation": [ 75, 0, 0 ],
            "translation": [ 0.5, 1, 0],
            "scale":[ 0.9, 0.9, 0.9 ]
            },
            "ground": {
            "rotation": [ 5, 5, 5 ],
            "translation": [ 0, 4, 0 ],
            "scale": [ 0.4, 0.4, 0.4 ]
        }
    }
}