{
    "parent": "block/jungle_fence_gate_closed",
    "display": {
            "thirdperson_righthand": {
            "rotation": [ 45, 75, 0 ],
            "translation": [ 0, 2, 0 ],
            "scale": [ 0.4, 0.4, 0.4 ]
            },
            "thirdperson_righthand": {
            "rotation": [ 45, 75, 0 ],
            "translation": [ 0, 2, 0 ],
            "scale": [ 0.4, 0.4, 0.4 ]
            },
            "firstperson_righthand": {
            "rotation": [ 15, 90, 0 ],
            "translation": [ 0, 2, 1 ],
            "scale": [ 0.45, 0.45, 0.45 ]
            },
            "firstperson_righthand": {
            "rotation": [ 15, 90, 0 ],
            "translation": [ 0, 2, 1 ],
            "scale": [ 0.45, 0.45, 0.45 ]
            },
            "gui": {
            "rotation": [ 30, 45, 0 ],
            "translation": [ 0, -1, 0],
            "scale":[ 0.7, 0.7, 0.7 ]
            },
            "ground": {
            "rotation": [ 5, 5, 5 ],
            "translation": [ 0, 4, 0 ],
            "scale": [ 0.4, 0.4, 0.4 ]
        }
    }
}