{
    "variants": {
        "facing=south,in_wall=false,open=false": { "model": "oak_fence_gate_closed" },
        "facing=west,in_wall=false,open=false":  { "model": "oak_fence_gate_closed", "y": 90, "uvlock": false },
        "facing=north,in_wall=false,open=false": { "model": "oak_fence_gate_closed", "y": 180, "uvlock": false },
        "facing=east,in_wall=false,open=false":  { "model": "oak_fence_gate_closed", "y": 270, "uvlock": false },
        "facing=south,in_wall=false,open=true": { "model": "oak_fence_gate_open" },
        "facing=west,in_wall=false,open=true":  { "model": "oak_fence_gate_open", "y": 90, "uvlock": false },
        "facing=north,in_wall=false,open=true": { "model": "oak_fence_gate_open", "y": 180, "uvlock": false },
        "facing=east,in_wall=false,open=true":  { "model": "oak_fence_gate_open", "y": 270, "uvlock": false },
        "facing=south,in_wall=true,open=false": { "model": "oak_wall_gate_closed" },
        "facing=west,in_wall=true,open=false":  { "model": "oak_wall_gate_closed", "y": 90, "uvlock": true },
        "facing=north,in_wall=true,open=false": { "model": "oak_wall_gate_closed", "y": 180, "uvlock": true },
        "facing=east,in_wall=true,open=false":  { "model": "oak_wall_gate_closed", "y": 270, "uvlock": true },
        "facing=south,in_wall=true,open=true": { "model": "oak_wall_gate_open" },
        "facing=west,in_wall=true,open=true":  { "model": "oak_wall_gate_open", "y": 90, "uvlock": true },
        "facing=north,in_wall=true,open=true": { "model": "oak_wall_gate_open", "y": 180, "uvlock": true },
        "facing=east,in_wall=true,open=true":  { "model": "oak_wall_gate_open", "y": 270, "uvlock": true }
    }
}
