{
    "variants": {
        "facing=east,half=bottom,shape=straight":  { "model": "oak_stairs", "y": 0 },
        "facing=south,half=bottom,shape=straight": { "model": "oak_stairs", "y": 90, "uvlock": false },
        "facing=west,half=bottom,shape=straight":  { "model": "oak_stairs", "y": 180, "uvlock": false },
        "facing=north,half=bottom,shape=straight": { "model": "oak_stairs", "y": 270, "uvlock": false },
        
        "facing=east,half=bottom,shape=outer_right":  { "model": "oak_outer_stairs", "y": 0 },
        "facing=south,half=bottom,shape=outer_right": { "model": "oak_outer_stairs", "y": 90, "uvlock": false },
        "facing=west,half=bottom,shape=outer_right":  { "model": "oak_outer_stairs", "y": 180, "uvlock": false },
        "facing=north,half=bottom,shape=outer_right": { "model": "oak_outer_stairs", "y": 270, "uvlock": false },
        
        "facing=south,half=bottom,shape=outer_left": { "model": "oak_outer_stairs", "y": 0 },
        "facing=west,half=bottom,shape=outer_left":  { "model": "oak_outer_stairs", "y": 90, "uvlock": false },
        "facing=north,half=bottom,shape=outer_left": { "model": "oak_outer_stairs", "y": 180, "uvlock": false },
        "facing=east,half=bottom,shape=outer_left":  { "model": "oak_outer_stairs", "y": 270, "uvlock": false },
        
        "facing=east,half=bottom,shape=inner_right":  { "model": "oak_inner_stairs", "y": 0 },
        "facing=south,half=bottom,shape=inner_right": { "model": "oak_inner_stairs", "y": 90, "uvlock": false },
        "facing=west,half=bottom,shape=inner_right":  { "model": "oak_inner_stairs", "y": 180, "uvlock": false },
        "facing=north,half=bottom,shape=inner_right": { "model": "oak_inner_stairs", "y": 270, "uvlock": false },
        
        "facing=south,half=bottom,shape=inner_left": { "model": "oak_inner_stairs", "y": 0 },
        "facing=west,half=bottom,shape=inner_left":  { "model": "oak_inner_stairs", "y": 90, "uvlock": false },
        "facing=north,half=bottom,shape=inner_left": { "model": "oak_inner_stairs", "y": 180, "uvlock": false },
        "facing=east,half=bottom,shape=inner_left":  { "model": "oak_inner_stairs", "y": 270, "uvlock": false },
        
        "facing=east,half=top,shape=straight":  { "model": "oak_stairs_upsd", "x": 180, "y": 0, "uvlock": false },
        "facing=south,half=top,shape=straight": { "model": "oak_stairs_upsd", "x": 180, "y": 90, "uvlock": false },
        "facing=west,half=top,shape=straight":  { "model": "oak_stairs_upsd", "x": 180, "y": 180, "uvlock": false },
        "facing=north,half=top,shape=straight": { "model": "oak_stairs_upsd", "x": 180, "y": 270, "uvlock": false },
        
        "facing=north,half=top,shape=outer_right": { "model": "oak_outer_stairs_upsd", "x": 180, "y": 0, "uvlock": false },
        "facing=east,half=top,shape=outer_right":  { "model": "oak_outer_stairs_upsd", "x": 180, "y": 90, "uvlock": false },
        "facing=south,half=top,shape=outer_right": { "model": "oak_outer_stairs_upsd", "x": 180, "y": 180, "uvlock": false },
        "facing=west,half=top,shape=outer_right":  { "model": "oak_outer_stairs_upsd", "x": 180, "y": 270, "uvlock": false },
        
        "facing=east,half=top,shape=outer_left":  { "model": "oak_outer_stairs_upsd", "x": 180, "y": 0, "uvlock": false },
        "facing=south,half=top,shape=outer_left": { "model": "oak_outer_stairs_upsd", "x": 180, "y": 90, "uvlock": false },
        "facing=west,half=top,shape=outer_left":  { "model": "oak_outer_stairs_upsd", "x": 180, "y": 180, "uvlock": false },
        "facing=north,half=top,shape=outer_left": { "model": "oak_outer_stairs_upsd", "x": 180, "y": 270, "uvlock": false },
        
        "facing=north,half=top,shape=inner_right": { "model": "oak_inner_stairs_upsd", "x": 180, "y": 0, "uvlock": false },
        "facing=east,half=top,shape=inner_right":  { "model": "oak_inner_stairs_upsd", "x": 180, "y": 90, "uvlock": false },
        "facing=south,half=top,shape=inner_right": { "model": "oak_inner_stairs_upsd", "x": 180, "y": 180, "uvlock": false },
        "facing=west,half=top,shape=inner_right":  { "model": "oak_inner_stairs_upsd", "x": 180, "y": 270, "uvlock": false },
        
        "facing=east,half=top,shape=inner_left":  { "model": "oak_inner_stairs_upsd", "x": 180, "y": 0, "uvlock": false },
        "facing=south,half=top,shape=inner_left": { "model": "oak_inner_stairs_upsd", "x": 180, "y": 90, "uvlock": false },
        "facing=west,half=top,shape=inner_left":  { "model": "oak_inner_stairs_upsd", "x": 180, "y": 180, "uvlock": false },
        "facing=north,half=top,shape=inner_left": { "model": "oak_inner_stairs_upsd", "x": 180, "y": 270, "uvlock": false }
    }
}
