{
    "variants": {
        "facing=east,half=lower,hinge=left,open=false":  { "model": "wooden_door_bottom","uvlock": false },
        "facing=south,half=lower,hinge=left,open=false": { "model": "wooden_door_bottom", "y": 90,"uvlock": false },
        "facing=west,half=lower,hinge=left,open=false":  { "model": "wooden_door_bottom", "y": 180,"uvlock": false },
        "facing=north,half=lower,hinge=left,open=false": { "model": "wooden_door_bottom", "y": 270,"uvlock": false },
        "facing=east,half=lower,hinge=right,open=false":  { "model": "wooden_door_bottom_rh","uvlock": false },
        "facing=south,half=lower,hinge=right,open=false": { "model": "wooden_door_bottom_rh", "y": 90,"uvlock": false },
        "facing=west,half=lower,hinge=right,open=false":  { "model": "wooden_door_bottom_rh", "y": 180,"uvlock": false },
        "facing=north,half=lower,hinge=right,open=false": { "model": "wooden_door_bottom_rh", "y": 270,"uvlock": false },
        "facing=east,half=lower,hinge=left,open=true":  { "model": "wooden_door_bottom_rh", "y": 90,"uvlock": false },
        "facing=south,half=lower,hinge=left,open=true": { "model": "wooden_door_bottom_rh", "y": 180,"uvlock": false },
        "facing=west,half=lower,hinge=left,open=true":  { "model": "wooden_door_bottom_rh", "y": 270,"uvlock": false },
        "facing=north,half=lower,hinge=left,open=true": { "model": "wooden_door_bottom_rh","uvlock": false },
        "facing=east,half=lower,hinge=right,open=true":  { "model": "wooden_door_bottom", "y": 270,"uvlock": false },
        "facing=south,half=lower,hinge=right,open=true": { "model": "wooden_door_bottom","uvlock": false },
        "facing=west,half=lower,hinge=right,open=true":  { "model": "wooden_door_bottom", "y": 90,"uvlock": false },
        "facing=north,half=lower,hinge=right,open=true": { "model": "wooden_door_bottom", "y": 180,"uvlock": false },
        "facing=east,half=upper,hinge=left,open=false":  { "model": "wooden_door_top","uvlock": false },
        "facing=south,half=upper,hinge=left,open=false": { "model": "wooden_door_top", "y": 90,"uvlock": false },
        "facing=west,half=upper,hinge=left,open=false":  { "model": "wooden_door_top", "y": 180,"uvlock": false },
        "facing=north,half=upper,hinge=left,open=false": { "model": "wooden_door_top", "y": 270,"uvlock": false },
        "facing=east,half=upper,hinge=right,open=false":  { "model": "wooden_door_top_rh","uvlock": false },
        "facing=south,half=upper,hinge=right,open=false": { "model": "wooden_door_top_rh", "y": 90,"uvlock": false },
        "facing=west,half=upper,hinge=right,open=false":  { "model": "wooden_door_top_rh", "y": 180,"uvlock": false },
        "facing=north,half=upper,hinge=right,open=false": { "model": "wooden_door_top_rh", "y": 270,"uvlock": false },
        "facing=east,half=upper,hinge=left,open=true":  { "model": "wooden_door_top_rh", "y": 90,"uvlock": false },
        "facing=south,half=upper,hinge=left,open=true": { "model": "wooden_door_top_rh", "y": 180,"uvlock": false },
        "facing=west,half=upper,hinge=left,open=true":  { "model": "wooden_door_top_rh", "y": 270,"uvlock": false },
        "facing=north,half=upper,hinge=left,open=true": { "model": "wooden_door_top_rh","uvlock": false },
        "facing=east,half=upper,hinge=right,open=true":  { "model": "wooden_door_top", "y": 270,"uvlock": false },
        "facing=south,half=upper,hinge=right,open=true": { "model": "wooden_door_top","uvlock": false },
        "facing=west,half=upper,hinge=right,open=true":  { "model": "wooden_door_top", "y": 90,"uvlock": false },
        "facing=north,half=upper,hinge=right,open=true": { "model": "wooden_door_top", "y": 180,"uvlock": false }
    }
}
