{
"textures": {
    "particle": "blocks/door_acacia_lower",
    "bottom": "blocks/door_acacia_upper"
},
"elements": [ 
{
    "from": [ 1, 1, 0 ],
    "to": [ 3, 13, 3 ],
    "faces": {
        "north": { "uv": [ 13, 3, 15, 15 ], "texture": "#bottom" },
        "south": { "uv": [ 1, 3, 3, 15 ], "texture": "#bottom" },
        "west":  { "uv": [ 0, 3, 3, 15 ], "texture": "#bottom" },
        "east":  { "uv": [ 13, 3, 16, 15 ], "texture": "#bottom" }
    }
},
{
    "from": [ 0.5, 0, 0 ],
    "to": [ 3.5, 1, 16 ],
    "faces": {
        "up":    { "uv": [ 0, 3, 3, 15 ], "texture": "#bottom" },
        "north": { "uv": [ 7.5, 15, 10.5, 16 ], "texture": "#bottom" },
        "south": { "uv": [ 0.5, 15, 3.5, 16 ], "texture": "#bottom" },
        "west":  { "uv": [ 16, 15, 0, 16 ], "texture": "#bottom" },
        "east":  { "uv": [ 0, 15, 16, 16 ], "texture": "#bottom" }
    }
},
{
    "from": [ 0.5, 13, 0 ],
    "to": [ 3.5, 16, 16 ],
    "faces": {
        "down":  { "uv": [ 0, 15, 3, 3 ], "texture": "#bottom" },
        "up":    { "uv": [ 0, 3, 3, 15 ], "texture": "#bottom" },
        "north": { "uv": [ 12.5, 0, 15.5, 3 ], "texture": "#bottom" },
        "south": { "uv": [ 0.5, 0, 3.5, 3 ], "texture": "#bottom" },
        "west":  { "uv": [ 0, 0, 16, 3 ], "texture": "#bottom" },
        "east":  { "uv": [ 0, 0, 16, 3 ], "texture": "#bottom" }
    }
},
{
    "from": [ 1, 1, 13 ],
    "to": [ 3, 13, 16 ],
    "faces": {
        "north": { "uv": [ 13, 3, 15, 15 ], "texture": "#bottom" },
        "south": { "uv": [ 1, 3, 3, 15 ], "texture": "#bottom" },
        "west":  { "uv": [ 13, 3, 16, 15 ], "texture": "#bottom" },
        "east":  { "uv": [ 0, 3, 3, 15 ], "texture": "#bottom" }
    }
},
{
    "from": [ 1.5, 1, 5 ],
    "to": [ 2.5, 13, 7 ],
    "faces": {
        "north": { "uv": [ 14, 3, 15, 15 ], "texture": "#bottom" },
        "south": { "uv": [ 1, 3, 2, 15 ], "texture": "#bottom" },
        "west":  { "uv": [ 5, 3, 7, 15 ], "texture": "#bottom" },
        "east":  { "uv": [ 9, 3, 11, 15 ], "texture": "#bottom" }
    }
},
{
    "from": [ 1.5, 1, 9 ],
    "to": [ 2.5, 13, 11 ],
    "faces": {
        "north": { "uv": [ 14, 3, 15, 15 ], "texture": "#bottom" },
        "south": { "uv": [ 1, 3, 2, 15 ], "texture": "#bottom" },
        "west":  { "uv": [ 9, 3, 11, 15 ], "texture": "#bottom" },
        "east":  { "uv": [ 5, 3, 7, 15 ], "texture": "#bottom" }
    }
},
{
    "from": [ 0, 0, 1 ],
    "to": [ 4, 0.5, 2 ],
    "faces": {
        "up":    { "uv": [ 14, 15.5, 14.5, 16 ], "texture": "#bottom" },
        "north": { "uv": [ 14, 15.5, 14.5, 16 ], "texture": "#bottom" },
        "south": { "uv": [ 14, 15.5, 14.5, 16 ], "texture": "#bottom" },
        "west":  { "uv": [ 14, 15.5, 15, 16 ], "texture": "#bottom" },
        "east":  { "uv": [ 14, 15.5, 15, 16 ], "texture": "#bottom" }
    }
}
]
}