{
"textures": {
    "particle": "blocks/iron_bars",
    "bars": "blocks/iron_bars"
},
"elements": [ 
{
    "from": [ 7, 0, 7 ],
    "to": [ 16, 1, 9 ],
    "faces": {
        "down":  { "uv": [ 7, 16, 7.5, 15.5 ], "texture": "#bars" },
        "up":    { "uv": [ 7.5, 7.5, 8, 8 ], "texture": "#bars" },
        "north": { "uv": [ 7, 15, 9, 16 ], "texture": "#bars" },
        "south": { "uv": [ 7, 15, 16, 16 ], "texture": "#bars" },
        "west":  { "uv": [ 14, 15, 16, 16 ], "texture": "#bars" },
        "east":  { "uv": [ 0, 15, 16, 16 ], "texture": "#bars" }
    }
},
{
    "from": [ 7, 15, 7 ],
    "to": [ 16, 16, 9 ],
    "faces": {
        "down":  { "uv": [ 7, 16, 16, 15.5 ], "texture": "#bars" },
        "up":    { "uv": [ 7, 0, 16, 0.5 ], "texture": "#bars" },
        "north": { "uv": [ 0, 0, 9, 1 ], "texture": "#bars" },
        "south": { "uv": [ 7, 0, 16, 1 ], "texture": "#bars" },
        "west":  { "uv": [ 7, 0, 9, 1 ], "texture": "#bars" },
        "east":  { "uv": [ 7, 0, 9, 1 ], "texture": "#bars" }
    }
},
{
    "from": [ 7, 15, 0 ],
    "to": [ 9, 16, 7 ],
    "faces": {
        "down":  { "uv": [ 7, 16, 9, 0 ], "texture": "#bars" },
        "up":    { "uv": [ 7, 0, 9, 16 ], "texture": "#bars" },
        "north": { "uv": [ 7, 0, 9, 1 ], "texture": "#bars" },
        "west":  { "uv": [ 0, 0, 16, 1 ], "texture": "#bars" },
        "east":  { "uv": [ 0, 0, 16, 1 ], "texture": "#bars" }
    }
},
{
    "from": [ 7, 15, 0 ],
    "to": [ 9, 16, 7 ],
    "faces": {
        "down":  { "uv": [ 7, 16, 9, 0 ], "texture": "#bars" },
        "up":    { "uv": [ 7, 0, 9, 16 ], "texture": "#bars" },
        "north": { "uv": [ 7, 0, 9, 1 ], "texture": "#bars" },
        "west":  { "uv": [ 0, 0, 16, 1 ], "texture": "#bars" },
        "east":  { "uv": [ 0, 0, 16, 1 ], "texture": "#bars" }
    }
},
{
    "from": [ 7, 15, 0 ],
    "to": [ 9, 16, 7 ],
    "faces": {
        "down":  { "uv": [ 7, 16, 9, 0 ], "texture": "#bars" },
        "up":    { "uv": [ 7, 0, 9, 16 ], "texture": "#bars" },
        "north": { "uv": [ 7, 0, 9, 1 ], "texture": "#bars" },
        "west":  { "uv": [ 0, 0, 16, 1 ], "texture": "#bars" },
        "east":  { "uv": [ 0, 0, 16, 1 ], "texture": "#bars" }
    }
},
{
    "from": [ 7, 1, 3 ],
    "to": [ 9, 15, 5 ],
    "faces": {
        "north": { "uv": [ 7, 1, 9, 15 ], "texture": "#bars" },
        "south": { "uv": [ 7, 1, 9, 15 ], "texture": "#bars" },
        "west":  { "uv": [ 3, 1, 5, 15 ], "texture": "#bars" },
        "east":  { "uv": [ 11, 1, 13, 15 ], "texture": "#bars" }
    }
},
{
    "from": [ 7, 1, 7 ],
    "to": [ 9, 15, 9 ],
    "faces": {
        "north": { "uv": [ 7, 1, 9, 15 ], "texture": "#bars" },
        "south": { "uv": [ 7, 1, 9, 15 ], "texture": "#bars" },
        "west":  { "uv": [ 7, 1, 9, 15 ], "texture": "#bars" },
        "east":  { "uv": [ 7, 1, 9, 15 ], "texture": "#bars" }
    }
},
{
    "from": [ 11, 1, 7 ],
    "to": [ 13, 15, 9 ],
    "faces": {
        "north": { "uv": [ 7, 1, 9, 15 ], "texture": "#bars" },
        "south": { "uv": [ 7, 1, 9, 15 ], "texture": "#bars" },
        "west":  { "uv": [ 11, 1, 13, 15 ], "texture": "#bars" },
        "east":  { "uv": [ 3, 1, 5, 15 ], "texture": "#bars" }
    }
},
{
    "from": [ 15, 1, 7 ],
    "to": [ 16, 15, 9 ],
    "faces": {
        "north": { "uv": [ 0, 1, 1, 15 ], "texture": "#bars" },
        "south": { "uv": [ 15, 1, 16, 15 ], "texture": "#bars" },
        "west":  { "uv": [ 3, 1, 5, 15 ], "texture": "#bars" },
        "east":  { "uv": [ 3, 1, 5, 15 ], "texture": "#bars" }
    }
},
{
    "from": [ 7, 1, 0 ],
    "to": [ 9, 15, 1 ],
    "faces": {
        "north": { "uv": [ 7, 1, 9, 15 ], "texture": "#bars" },
        "south": { "uv": [ 7, 1, 9, 15 ], "texture": "#bars" },
        "west":  { "uv": [ 0, 1, 1, 15 ], "texture": "#bars" },
        "east":  { "uv": [ 15, 1, 16, 15 ], "texture": "#bars" }
    }
},
{
    "from": [ 7, 0, 0 ],
    "to": [ 9, 1, 7 ],
    "faces": {
        "down":  { "uv": [ 7, 16, 9, 0 ], "texture": "#bars" },
        "up":    { "uv": [ 7, 0, 9, 16 ], "texture": "#bars" },
        "north": { "uv": [ 7, 15, 9, 16 ], "texture": "#bars" },
        "west":  { "uv": [ 0, 15, 7, 16 ], "texture": "#bars" },
        "east":  { "uv": [ 9, 15, 16, 16 ], "texture": "#bars" }
    }
},
{
    "from": [ 7, 15, 0 ],
    "to": [ 9, 16, 7 ],
    "faces": {
        "down":  { "uv": [ 7, 16, 9, 0 ], "texture": "#bars" },
        "up":    { "uv": [ 7, 0, 9, 16 ], "texture": "#bars" },
        "north": { "uv": [ 7, 0, 9, 1 ], "texture": "#bars" },
        "west":  { "uv": [ 0, 0, 7, 1 ], "texture": "#bars" },
        "east":  { "uv": [ 9, 0, 16, 1 ], "texture": "#bars" }
    }
}
]
}