{
    "textures": {
        "particle": "blocks/iron_trapdoor",
        "texture": "blocks/iron_trapdoor"
    },
    "elements": [
        {   "from": [ 0, 0, 14 ],
            "to": [ 16, 16, 16 ],
            "faces": {
                "down":  { "uv": [  0, 14, 16, 16 ], "texture": "#texture", "cullface": "down" },
                "up":    { "uv": [  0, 16, 16, 14 ], "texture": "#texture", "cullface": "up" },
                "north": { "uv": [  0,  0, 16, 16 ], "texture": "#texture" },
                "south": { "uv": [  0,  0, 16, 16 ], "texture": "#texture", "cullface": "south" },
                "west":  { "uv": [ 16,  0, 14, 16 ], "texture": "#texture", "cullface": "west" },
                "east":  { "uv": [ 14,  0, 16, 16 ], "texture": "#texture", "cullface": "east" }
            }
        }
    ]
}
