{
"textures": {
    "particle": "blocks/planks_jungle",
    "fence_jungle": "blocks/fence_jungle",
    "fence_jungle_post": "blocks/fence_jungle_post"
},
"elements": [ 
{
    "__comment": "North-south lower bar*",
    "from": [ 8.5, 4, 0.5 ],
    "to": [ 18.5, 5.5, 1.5 ],
    "rotation": { "origin": [ 8.5, 4, 0.5 ], "axis": "y", "angle": -45 },
    "faces": {
        "down":  { "uv": [ 8.5, 1.5, 16, 0.5 ], "texture": "#fence_jungle_post", "cullface": "down" },
        "up":    { "uv": [ 8.5, 0.5, 16, 1.5 ], "texture": "#fence_jungle_post" },
        "north": { "uv": [ 0, 10.5, 7.5, 12 ], "texture": "#fence_jungle" },
        "south": { "uv": [ 8.5, 10.5, 16, 12 ], "texture": "#fence_jungle" }
    }
},
{
    "__comment": "Center post*",
    "from": [ 14.5, 0, 7.5 ],
    "to": [ 16, 14, 9 ],
    "faces": {
        "down":  { "uv": [ 14.5, 9, 16, 7.5 ], "texture": "#fence_jungle_post", "cullface": "down" },
        "up":    { "uv": [ 14.5, 7.5, 16, 9 ], "texture": "#fence_jungle_post" },
        "north": { "uv": [ 0, 2, 1.5, 16 ], "texture": "#fence_jungle_post" },
        "south": { "uv": [ 14.5, 2, 16, 16 ], "texture": "#fence_jungle_post" },
        "west":  { "uv": [ 7.5, 2, 9, 16 ], "texture": "#fence_jungle_post" },
        "east":  { "uv": [ 7, 2, 8.5, 16 ], "texture": "#fence_jungle_post" }
    }
},
{
    "__comment": "North-south lower bar*",
    "from": [ 8.5, 10, 0.5 ],
    "to": [ 18.5, 12, 1.5 ],
    "rotation": { "origin": [ 8.5, 10, 0.5 ], "axis": "y", "angle": -45 },
    "faces": {
        "down":  { "uv": [ 8.5, 1.5, 16, 0.5 ], "texture": "#fence_jungle_post", "cullface": "down" },
        "up":    { "uv": [ 8.5, 0.5, 16, 1.5 ], "texture": "#fence_jungle_post" },
        "north": { "uv": [ 0, 4, 7.5, 6 ], "texture": "#fence_jungle" },
        "south": { "uv": [ 8.5, 4, 16, 6 ], "texture": "#fence_jungle" }
    }
},
{
    "__comment": "Center post*",
    "from": [ 7.25, 0, 0 ],
    "to": [ 8.75, 16, 1.5 ],
    "faces": {
        "down":  { "uv": [ 7.25, 1.5, 8.75, 0 ], "texture": "#fence_jungle_post", "cullface": "down" },
        "up":    { "uv": [ 7.25, 0, 8.75, 1.5 ], "texture": "#fence_jungle_post" },
        "north": { "uv": [ 7.25, 0, 8.75, 16 ], "texture": "#fence_jungle_post" },
        "south": { "uv": [ 7.25, 0, 8.75, 16 ], "texture": "#fence_jungle_post" },
        "west":  { "uv": [ 0, 0, 1.5, 16 ], "texture": "#fence_jungle_post" },
        "east":  { "uv": [ 14.5, 0, 16, 16 ], "texture": "#fence_jungle_post" }
    }
},
{
    "__comment": "Center post*",
    "from": [ 11, 2, 6.5 ],
    "to": [ 12.5, 14.5, 8 ],
    "rotation": { "origin": [ 11, 2, 6.5 ], "axis": "y", "angle": 45 },
    "faces": {
        "down":  { "uv": [ 11, 8, 12.5, 6.5 ], "texture": "#fence_jungle_post", "cullface": "down" },
        "up":    { "uv": [ 11, 6.5, 12.5, 8 ], "texture": "#fence_jungle_post" },
        "north": { "uv": [ 3.5, 1.5, 5, 14 ], "texture": "#fence_jungle_post" },
        "south": { "uv": [ 11, 1.5, 12.5, 14 ], "texture": "#fence_jungle_post" },
        "west":  { "uv": [ 6.5, 1.5, 8, 14 ], "texture": "#fence_jungle_post" },
        "east":  { "uv": [ 8, 1.5, 9.5, 14 ], "texture": "#fence_jungle_post" }
    }
},
{
    "__comment": "Center post",
    "from": [ 10, 3, 2 ],
    "to": [ 11.5, 14, 3.5 ],
    "rotation": { "origin": [ 10, 3, 2 ], "axis": "y", "angle": 45 },
    "faces": {
        "down":  { "uv": [ 10, 3.5, 11.5, 2 ], "texture": "#fence_jungle_post", "cullface": "down" },
        "up":    { "uv": [ 10, 2, 11.5, 3.5 ], "texture": "#fence_jungle_post" },
        "north": { "uv": [ 4.5, 2, 6, 13 ], "texture": "#fence_jungle_post" },
        "south": { "uv": [ 10, 2, 11.5, 13 ], "texture": "#fence_jungle_post" },
        "west":  { "uv": [ 2, 2, 3.5, 13 ], "texture": "#fence_jungle_post" },
        "east":  { "uv": [ 12.5, 2, 14, 13 ], "texture": "#fence_jungle_post" }
    }
}
]
}