{
"textures": {
    "particle": "blocks/planks_jungle",
    "fence_jungle_post": "blocks/fence_jungle_post",
    "fence_jungle": "blocks/fence_jungle",
    "fence_jungle_top": "blocks/fence_top"
},
"elements": [ 
{
    "__comment": "North-south lower bar*",
    "from": [ 7.5, 4, 0 ],
    "to": [ 8.5, 5.5, 16 ],
    "faces": {
        "down":  { "uv": [ 9.5, 16, 10.5, 0 ], "texture": "#fence_jungle_post", "cullface": "down" },
        "up":    { "uv": [ 9.5, 0, 10.5, 16 ], "texture": "#fence_jungle_post" },
        "west":  { "uv": [ 0, 10.5, 16, 12 ], "texture": "#fence_jungle" },
        "east":  { "uv": [ 0, 10.5, 16, 12 ], "texture": "#fence_jungle" }
    }
},
{
    "__comment": "Center post*",
    "from": [ 8.5, 0.5, 1 ],
    "to": [ 10, 15.5, 2.5 ],
    "faces": {
        "down":  { "uv": [ 8.5, 2.5, 10, 1 ], "texture": "#fence_jungle_post", "cullface": "down" },
        "up":    { "uv": [ 8.5, 1, 10, 2.5 ], "texture": "#fence_jungle_post" },
        "north": { "uv": [ 6, 0.5, 7.5, 15.5 ], "texture": "#fence_jungle_post" },
        "south": { "uv": [ 8.5, 0.5, 10, 15.5 ], "texture": "#fence_jungle_post" },
        "west":  { "uv": [ 1, 0.5, 2.5, 15.5 ], "texture": "#fence_jungle_post" },
        "east":  { "uv": [ 13.5, 0.5, 15, 15.5 ], "texture": "#fence_jungle_post" }
    }
},
{
    "__comment": "Center post*",
    "from": [ 6, 1.5, 13.5 ],
    "to": [ 7.5, 15, 15 ],
    "faces": {
        "down":  { "uv": [ 6, 15, 7.5, 13.5 ], "texture": "#fence_jungle_post", "cullface": "down" },
        "up":    { "uv": [ 6, 13.5, 7.5, 15 ], "texture": "#fence_jungle_post" },
        "north": { "uv": [ 8.5, 1, 10, 14.5 ], "texture": "#fence_jungle_post" },
        "south": { "uv": [ 6, 1, 7.5, 14.5 ], "texture": "#fence_jungle_post" },
        "west":  { "uv": [ 13.5, 1, 15, 14.5 ], "texture": "#fence_jungle_post" },
        "east":  { "uv": [ 1, 1, 2.5, 14.5 ], "texture": "#fence_jungle_post" }
    }
},
{
    "__comment": "Center post*",
    "from": [ 8.5, 2, 10.5 ],
    "to": [ 10, 14.5, 12 ],
    "faces": {
        "down":  { "uv": [ 8.5, 12, 10, 10.5 ], "texture": "#fence_jungle_post", "cullface": "down" },
        "up":    { "uv": [ 8.5, 10.5, 10, 12 ], "texture": "#fence_jungle_post" },
        "north": { "uv": [ 6, 1.5, 7.5, 14 ], "texture": "#fence_jungle_post" },
        "south": { "uv": [ 8.5, 1.5, 10, 14 ], "texture": "#fence_jungle_post" },
        "west":  { "uv": [ 10.5, 1.5, 12, 14 ], "texture": "#fence_jungle_post" },
        "east":  { "uv": [ 4, 1.5, 5.5, 14 ], "texture": "#fence_jungle_post" }
    }
},
{
    "__comment": "North-south lower bar",
    "from": [ 7.5, 10, 0 ],
    "to": [ 8.5, 12, 16 ],
    "faces": {
        "down":  { "uv": [ 7.5, 16, 8.5, 0 ], "texture": "#fence_jungle_post", "cullface": "down" },
        "up":    { "uv": [ 7.5, 0, 8.5, 16 ], "texture": "#fence_jungle_post" },
        "west":  { "uv": [ 0, 4, 16, 6 ], "texture": "#fence_jungle" },
        "east":  { "uv": [ 0, 4, 16, 6 ], "texture": "#fence_jungle" }
    }
},
{
    "__comment": "Center post",
    "from": [ 6, 3, 4 ],
    "to": [ 7.5, 14, 5.5 ],
    "faces": {
        "down":  { "uv": [ 6, 5.5, 7.5, 4 ], "texture": "#fence_jungle_post", "cullface": "down" },
        "up":    { "uv": [ 6, 4, 7.5, 5.5 ], "texture": "#fence_jungle_post" },
        "north": { "uv": [ 8.5, 2, 10, 13 ], "texture": "#fence_jungle_post" },
        "south": { "uv": [ 6, 2, 7.5, 13 ], "texture": "#fence_jungle_post" },
        "west":  { "uv": [ 4, 2, 5.5, 13 ], "texture": "#fence_jungle_post" },
        "east":  { "uv": [ 10.5, 2, 12, 13 ], "texture": "#fence_jungle_post" }
    }
},
{
    "__comment": "Center post*",
    "from": [ 6.5, 0, 6.5 ],
    "to": [ 9.5, 16, 9.5 ],
    "faces": {
        "down":  { "uv": [ 6.5, 9.5, 9.5, 6.5 ], "texture": "#fence_jungle_top", "cullface": "down" },
        "up":    { "uv": [ 6.5, 6.5, 9.5, 9.5 ], "texture": "#fence_jungle_top" },
        "north": { "uv": [ 6.5, 0, 9.5, 16 ], "texture": "#fence_jungle_post" },
        "south": { "uv": [ 6.5, 0, 9.5, 16 ], "texture": "#fence_jungle_post" },
        "west":  { "uv": [ 6.5, 0, 9.5, 16 ], "texture": "#fence_jungle_post" },
        "east":  { "uv": [ 6.5, 0, 9.5, 16 ], "texture": "#fence_jungle_post" }
    }
}
]
}