{
"ambientocclusion": false,
"textures": {
    "particle": "#pane",
    "pane_ns_outer_ozo": "blocks/pane_ns_outer_ozo",
    "pane_inner_ns": "blocks/pane_inner_ns",
    "pane_side_ozo": "blocks/pane_side_ozo",
    "pane_outer_ozo": "blocks/pane_outer_ozo"
},
"elements": [ 
{
    "from": [ 6, 1, 0 ],
    "to": [ 10, 15, 1 ],
    "faces": {
        "north": { "uv": [ 6, 1, 10, 15 ], "texture": "#pane_outer_ozo", "cullface": "north" },
        "south": { "uv": [ 6, 1, 10, 15 ], "texture": "#pane_inner_ns" },
        "west":  { "uv": [ 0, 1, 1, 15 ], "texture": "#pane_side_ozo" },
        "east":  { "uv": [ 15, 1, 16, 15 ], "texture": "#pane_side_ozo" }
    }
},
{
    "from": [ 6, 1, 15 ],
    "to": [ 10, 15, 16 ],
    "faces": {
        "north": { "uv": [ 6, 1, 10, 15 ], "texture": "#pane_inner_ns" },
        "south": { "uv": [ 6, 1, 10, 15 ], "texture": "#pane_outer_ozo", "cullface": "south" },
        "west":  { "uv": [ 15, 1, 16, 15 ], "texture": "#pane_side_ozo" },
        "east":  { "uv": [ 0, 1, 1, 15 ], "texture": "#pane_side_ozo" }
    }
},
{
    "from": [ 5, 15, 0 ],
    "to": [ 11, 16, 16 ],
    "faces": {
        "down":  { "uv": [ 5, 16, 11, 0 ], "texture": "#pane_inner_ns" },
        "up":    { "uv": [ 5, 0, 11, 16 ], "texture": "#pane_ns_outer_ozo" },
        "north": { "uv": [ 5, 0, 11, 1 ], "texture": "#pane_side_ozo", "cullface": "north" },
        "south": { "uv": [ 5, 0, 11, 1 ], "texture": "#pane_side_ozo", "cullface": "south" },
        "west":  { "uv": [ 0, 0, 16, 1 ], "texture": "#pane_side_ozo", "cullface": "west" },
        "east":  { "uv": [ 0, 0, 16, 1 ], "texture": "#pane_side_ozo", "cullface": "east" }
    }
},
{
    "from": [ 5, 0, 0 ],
    "to": [ 11, 1, 16 ],
    "faces": {
        "down":  { "uv": [ 5, 16, 11, 0 ], "texture": "#pane_ns_outer_ozo" },
        "up":    { "uv": [ 5, 0, 11, 16 ], "texture": "#pane_inner_ns" },
        "north": { "uv": [ 5, 15, 11, 16 ], "texture": "#pane_side_ozo", "cullface": "north" },
        "south": { "uv": [ 5, 15, 11, 16 ], "texture": "#pane_side_ozo", "cullface": "south" },
        "west":  { "uv": [ 0, 15, 16, 16 ], "texture": "#pane_side_ozo", "cullface": "west" },
        "east":  { "uv": [ 0, 15, 16, 16 ], "texture": "#pane_side_ozo", "cullface": "east" }
    }
},
{
    "__comment": "glass",
    "from": [ 7.5, 1, 1 ],
    "to": [ 8.5, 15, 15 ],
    "faces": {
        "west":  { "uv": [ 1, 1, 15, 15 ], "texture": "#pane", "cullface": "west" },
        "east":  { "uv": [ 1, 1, 15, 15 ], "texture": "#pane", "cullface": "east" }
    }
}
]
}