{
    "textures": {
        "particle": "#texture"
    },
    "elements": [
        {   "from": [ 0.5, 0, 0.5 ],
            "to": [ 15.5, 2, 15.5 ],
            "faces": {
                "down":  { "uv": [ 0.5,  0.5, 15.5, 15.5 ], "texture": "#texture" },
                "up":    { "uv": [ 0.5,  0.5, 15.5, 15.5 ], "texture": "#texture" },
                "north": { "uv": [ 0.5, 15.5, 15.5, 16 ], "texture": "#texture" },
                "south": { "uv": [ 0.5, 15.5, 15.5, 16 ], "texture": "#texture" },
                "west":  { "uv": [ 0.5, 15.5, 15.5, 16 ], "texture": "#texture" },
                "east":  { "uv": [ 0.5, 15.5, 15.5, 16 ], "texture": "#texture" }
            }
        }
    ]
}
