{
"textures": {
    "particle": "blocks/slime",
    "texture": "blocks/slime"
},
"elements": [ 
{
    "from": [ 0, -1, 0 ],
    "to": [ 16, 15, 16 ],
    "faces": {
        "down":  { "uv": [ 0, 0, 16, 16 ], "texture": "#texture", "cullface": "down" },
        "up":    { "uv": [ 0, 0, 16, 16 ], "texture": "#texture", "cullface": "up" },
        "north": { "uv": [ 0, 0, 16, 16 ], "texture": "#texture", "cullface": "north" },
        "south": { "uv": [ 0, 0, 16, 16 ], "texture": "#texture", "cullface": "south" },
        "west":  { "uv": [ 0, 0, 16, 16 ], "texture": "#texture", "cullface": "west" },
        "east":  { "uv": [ 0, 0, 16, 16 ], "texture": "#texture", "cullface": "east" }
    }
}
]
}