{
"__comment": "3D Mesh designed with BDcraft Cubik",
"ambientocclusion": false,
"textures": {
    "particle": "blocks/torch_on",
    "torch": "blocks/torch_on",
    "torch_custom": "blocks/torch_custom"
},
"elements": [ 
{
    "from": [ 6.5, 8, 7 ],
    "to": [ 6.75, 9.5, 9 ],
    "faces": {
        "down":  { "uv": [ 4, 8.5, 4.5, 4.5 ], "texture": "#torch_custom" },
        "up":    { "uv": [ 7.5, 7.5, 8, 8 ], "texture": "#torch_custom" },
        "north": { "uv": [ 9, 7.5, 9.5, 9.5 ], "texture": "#torch_custom" },
        "south": { "uv": [ 6.5, 7.5, 7, 9.5 ], "texture": "#torch_custom" },
        "west":  { "uv": [ 6.5, 7.5, 9.5, 9.5 ], "texture": "#torch_custom" }
    }
},
{
    "from": [ 6.5, 9.5, 7.5 ],
    "to": [ 7, 9.75, 8.5 ],
    "faces": {
        "up":    { "uv": [ 7.5, 7.5, 8.5, 8 ], "texture": "#torch_custom" },
        "north": { "uv": [ 7.5, 7.5, 8, 8 ], "texture": "#torch_custom" },
        "south": { "uv": [ 7.5, 7.5, 8, 8 ], "texture": "#torch_custom" },
        "west":  { "uv": [ 7.25, 7.5, 8.75, 8 ], "texture": "#torch_custom" }
    }
},
{
    "from": [ 9, 9.5, 7.5 ],
    "to": [ 9.5, 9.75, 8.5 ],
    "faces": {
        "up":    { "uv": [ 7.25, 7.5, 8.75, 8 ], "texture": "#torch_custom" },
        "north": { "uv": [ 7.5, 7.5, 8, 8 ], "texture": "#torch_custom" },
        "south": { "uv": [ 7.5, 7.5, 8, 8 ], "texture": "#torch_custom" },
        "east":  { "uv": [ 7.25, 7.5, 8.75, 8 ], "texture": "#torch_custom" }
    }
},
{
    "from": [ 7.5, 9.5, 9 ],
    "to": [ 8.5, 9.75, 9.5 ],
    "faces": {
        "up":    { "uv": [ 7.25, 7.5, 8.75, 8 ], "texture": "#torch_custom" },
        "south": { "uv": [ 7.25, 7.5, 8.75, 8 ], "texture": "#torch_custom" },
        "west":  { "uv": [ 8, 7.5, 8.5, 8 ], "texture": "#torch_custom" },
        "east":  { "uv": [ 8, 7.5, 8.5, 8 ], "texture": "#torch_custom" }
    }
},
{
    "from": [ 7.5, 9.5, 6.5 ],
    "to": [ 8.5, 9.75, 7 ],
    "faces": {
        "up":    { "uv": [ 7.5, 7.5, 8.5, 8 ], "texture": "#torch_custom" },
        "north": { "uv": [ 7.25, 7.5, 8.75, 8 ], "texture": "#torch_custom" },
        "west":  { "uv": [ 8, 7.5, 8.5, 8 ], "texture": "#torch_custom" },
        "east":  { "uv": [ 8, 7.5, 8.5, 8 ], "texture": "#torch_custom" }
    }
},
{
    "from": [ 7, 8, 9.25 ],
    "to": [ 9, 9.5, 9.5 ],
    "faces": {
        "down":  { "uv": [ 4, 8.5, 4.5, 4.5 ], "texture": "#torch_custom" },
        "up":    { "uv": [ 7.5, 7.5, 8, 8 ], "texture": "#torch_custom" },
        "south": { "uv": [ 6.5, 7.5, 9.5, 9.5 ], "texture": "#torch_custom" },
        "west":  { "uv": [ 6.5, 7.5, 7, 9.5 ], "texture": "#torch_custom" },
        "east":  { "uv": [ 6.5, 7.5, 7, 9.5 ], "texture": "#torch_custom" }
    }
},
{
    "from": [ 7, 8, 6.5 ],
    "to": [ 9, 9.5, 6.75 ],
    "faces": {
        "down":  { "uv": [ 4, 8.5, 4.5, 4.5 ], "texture": "#torch_custom" },
        "up":    { "uv": [ 4, 6, 4.5, 10 ], "texture": "#torch_custom" },
        "north": { "uv": [ 6.5, 7.5, 9.5, 9.5 ], "texture": "#torch_custom" },
        "west":  { "uv": [ 6.5, 7.5, 7, 9.5 ], "texture": "#torch_custom" },
        "east":  { "uv": [ 6.5, 7.5, 7, 9.5 ], "texture": "#torch_custom" }
    }
},
{
    "from": [ 9.25, 8, 7 ],
    "to": [ 9.5, 9.5, 9 ],
    "faces": {
        "down":  { "uv": [ 4, 8.5, 4.5, 4.5 ], "texture": "#torch_custom" },
        "up":    { "uv": [ 7.5, 7.5, 8, 8 ], "texture": "#torch_custom" },
        "north": { "uv": [ 9, 7.5, 9.5, 9.5 ], "texture": "#torch_custom" },
        "south": { "uv": [ 6.5, 7.5, 7, 9.5 ], "texture": "#torch_custom" },
        "east":  { "uv": [ 6.5, 7.5, 9.5, 9.5 ], "texture": "#torch_custom" }
    }
},
{
    "__comment": "flame",
    "from": [ 7, 8, 7 ],
    "to": [ 9, 10, 9 ],
    "faces": {
        "up":    { "uv": [ 7.25, 6.25, 8.75, 7.75 ], "texture": "#torch" },
        "north": { "uv": [ 7, 7, 9, 7.5 ], "texture": "#torch" },
        "south": { "uv": [ 7, 7, 9, 7.5 ], "texture": "#torch" },
        "west":  { "uv": [ 7, 7, 9, 7.5 ], "texture": "#torch" },
        "east":  { "uv": [ 7, 7, 9, 7.5 ], "texture": "#torch" }
    }
},
{
    "__comment": "Handle",
    "from": [ 7, 0, 7 ],
    "to": [ 9, 7.5, 9 ],
    "faces": {
        "down":  { "uv": [ 7, 14.5, 9, 12.5 ], "texture": "#torch_custom" },
        "north": { "uv": [ 7, 9.5, 9, 16 ], "texture": "#torch_custom" },
        "south": { "uv": [ 7, 9.5, 9, 16 ], "texture": "#torch_custom" },
        "west":  { "uv": [ 7, 9.5, 9, 16 ], "texture": "#torch_custom" },
        "east":  { "uv": [ 7, 9.5, 9, 16 ], "texture": "#torch_custom" }
    }
},
{
    "from": [ 6.75, 3.75, 6.75 ],
    "to": [ 9.25, 4.75, 9.25 ],
    "faces": {
        "down":  { "uv": [ 6.5, 2, 7, 1.5 ], "texture": "#torch_custom" },
        "up":    { "uv": [ 7.5, 2, 8, 2.5 ], "texture": "#torch_custom" },
        "north": { "uv": [ 8, 2, 12, 3.5 ], "texture": "#torch_custom" },
        "south": { "uv": [ 5, 2, 9, 3.5 ], "texture": "#torch_custom" },
        "west":  { "uv": [ 4.5, 2, 9.5, 3.5 ], "texture": "#torch_custom" },
        "east":  { "uv": [ 7.5, 2, 12.5, 3.5 ], "texture": "#torch_custom" }
    }
},
{
    "from": [ 6.75, 7.5, 6.75 ],
    "to": [ 9.25, 9.5, 9.25 ],
    "faces": {
        "down":  { "uv": [ 4.5, 8.75, 5, 8.25 ], "texture": "#torch_custom" },
        "up":    { "uv": [ 7.5, 7.5, 8, 8 ], "texture": "#torch_custom" },
        "north": { "uv": [ 6.5, 7.5, 9.5, 9.5 ], "texture": "#torch_custom" },
        "south": { "uv": [ 6.5, 7.5, 9.5, 9.5 ], "texture": "#torch_custom" },
        "west":  { "uv": [ 6.5, 7.5, 9.5, 9.5 ], "texture": "#torch_custom" },
        "east":  { "uv": [ 6.5, 7.5, 9.5, 9.5 ], "texture": "#torch_custom" }
    }
}
]
}